"SUID","EdgeBetweenness","interaction","name","p.adj","p.vec","reg.mat","selected","shared interaction","shared name","X"
"9931575","390.0","interacts with","PAM (interacts with) RNF14","0.448780165372471","0.235714285714286","0.582417582417582","false","interacts with","PAM (interacts with) RNF14","RNF14:PAM"
"9931576","362.22368742","interacts with","LRRC40 (interacts with) CDC42","0.265737005578696","0.0880952380952381","0.714285714285714","false","interacts with","LRRC40 (interacts with) CDC42","CDC42:LRRC40"
"9931577","1040.65510046","interacts with","LRRC40 (interacts with) YBX1","0.846554537547995","0.114980158730159","-0.619047619047619","false","interacts with","LRRC40 (interacts with) YBX1","YBX1:LRRC40"
"9931578","463.41212121","interacts with","LRRC40 (interacts with) ANK2","0.809065930594575","0.0693948412698413","0.690476190476191","false","interacts with","LRRC40 (interacts with) ANK2","ANK2:LRRC40"
"9931579","776.0","interacts with","LRRC40 (interacts with) WASF2","0.409830052785837","0.2","-0.571428571428571","false","interacts with","LRRC40 (interacts with) WASF2","WASF2:LRRC40"
"9931580","390.0","interacts with","LRRC40 (interacts with) ELP3","0.0718586588842205","0.00277777777777778","0.964285714285714","false","interacts with","LRRC40 (interacts with) ELP3","ELP3:LRRC40"
"9931581","390.0","interacts with","GARS (interacts with) CALD1","0.863600279675641","0.132291666666667","-0.595238095238095","false","interacts with","GARS (interacts with) CALD1","CALD1:GARS"
"9931582","776.0","interacts with","GARS (interacts with) PSMD1","0.764862124895442","0.0367559523809524","0.761904761904762","false","interacts with","GARS (interacts with) PSMD1","PSMD1:GARS"
"9931583","2413.80555556","interacts with","DDB1 (interacts with) PFN2","0.168425923122207","0.0341269841269841","0.579411764705882","false","interacts with","DDB1 (interacts with) PFN2","PFN2:DDB1"
"9931584","2101.04365079","interacts with","DDB1 (interacts with) CLK1","0.0125076458183542","5.29615351564429E-7","0.994029797388005","false","interacts with","DDB1 (interacts with) CLK1","CLK1:DDB1"
"9931585","1536.0","interacts with","HSPE1 (interacts with) ATP6V1A","0.051975842430622","3.96825396825397E-4","1.0","false","interacts with","HSPE1 (interacts with) ATP6V1A","ATP6V1A:HSPE1"
"9931586","390.0","interacts with","HSPE1 (interacts with) PSMD12","0.0718586588842205","0.00277777777777778","0.964285714285714","false","interacts with","HSPE1 (interacts with) PSMD12","PSMD12:HSPE1"
"9931587","390.0","interacts with","HSPE1 (interacts with) GOLIM4","0.337886344327174","0.138888888888889","-0.642857142857143","false","interacts with","HSPE1 (interacts with) GOLIM4","GOLIM4:HSPE1"
"9931588","390.0","interacts with","HSPE1 (interacts with) VDAC1","0.0718586588842205","0.00277777777777778","-0.714285714285714","false","interacts with","HSPE1 (interacts with) VDAC1","VDAC1:HSPE1"
"9931589","390.0","interacts with","PPP2R2B (interacts with) TAL1","0.109507430764323","0.0123015873015873","0.892857142857143","false","interacts with","PPP2R2B (interacts with) TAL1","TAL1:PPP2R2B"
"9931590","776.0","interacts with","DAAM2 (interacts with) RPS4X","0.83866110030021","0.0961805555555556","0.642857142857143","false","interacts with","DAAM2 (interacts with) RPS4X","RPS4X:DAAM2"
"9931591","390.0","interacts with","ATP6V1E1 (interacts with) BCL2","0.872262272775064","0.170982142857143","-0.547619047619048","false","interacts with","ATP6V1E1 (interacts with) BCL2","BCL2:ATP6V1E1"
"9931592","390.0","interacts with","SEC23IP (interacts with) WASF2","0.782649554260342","0.0496282607348612","0.707527552887687","false","interacts with","SEC23IP (interacts with) WASF2","WASF2:SEC23IP"
"9931593","390.0","interacts with","ECT2 (interacts with) GULP1","0.19726726209115","0.048015873015873","0.58578431372549","false","interacts with","ECT2 (interacts with) GULP1","GULP1:ECT2"
"9931594","1158.0","interacts with","COPS3 (interacts with) TRIP10","0.872262272775064","0.161938228466284","0.545544725589981","false","interacts with","COPS3 (interacts with) TRIP10","TRIP10:COPS3"
"9931595","525.59603175","interacts with","COPS3 (interacts with) ADAMTSL4","0.872262272775064","0.161938228466284","-0.545544725589981","false","interacts with","COPS3 (interacts with) ADAMTSL4","ADAMTSL4:COPS3"
"9931596","1841.06269841","interacts with","COPS3 (interacts with) DLG2","0.764862124895442","0.0367559523809524","0.761904761904762","false","interacts with","COPS3 (interacts with) DLG2","DLG2:COPS3"
"9931597","390.0","interacts with","CHCHD2 (interacts with) HINT1","0.575659484384287","0.00451238560365101","0.874267171196679","false","interacts with","CHCHD2 (interacts with) HINT1","HINT1:CHCHD2"
"9931598","580.0","interacts with","RPA3 (interacts with) HINT1","0.348603499966292","0.143588575301286","0.61263747463298","false","interacts with","RPA3 (interacts with) HINT1","HINT1:RPA3"
"9931599","956.0","interacts with","RPA3 (interacts with) VDAC3","0.764862124895442","0.0367559523809524","0.761904761904762","false","interacts with","RPA3 (interacts with) VDAC3","VDAC3:RPA3"
"9931600","776.0","interacts with","RAB14 (interacts with) FLNA","0.371077114943798","0.166666666666667","-0.607142857142857","false","interacts with","RAB14 (interacts with) FLNA","FLNA:RAB14"
"9931601","1158.0","interacts with","RAB14 (interacts with) TRIM38","0.0718586588842205","0.00277777777777778","-0.587912087912088","false","interacts with","RAB14 (interacts with) TRIM38","TRIM38:RAB14"
"9931602","776.0","interacts with","PSMD1 (interacts with) NDEL1","0.813252504549783","0.0756896878416385","0.658694444052292","false","interacts with","PSMD1 (interacts with) NDEL1","NDEL1:PSMD1"
"9931603","300.35757576","interacts with","CDC42 (interacts with) TRIM8","0.891347803718289","0.196626984126984","-0.674019607843137","false","interacts with","CDC42 (interacts with) TRIM8","TRIM8:CDC42"
"9931604","390.0","interacts with","PSMC2 (interacts with) TXNL1","0.144518824391785","0.0238095238095238","0.535714285714286","false","interacts with","PSMC2 (interacts with) TXNL1","TXNL1:PSMC2"
"9931605","773.43831169","interacts with","COPS5 (interacts with) UBE2V2","0.0718586588842205","0.00277777777777778","0.67032967032967","false","interacts with","COPS5 (interacts with) UBE2V2","UBE2V2:COPS5"
"9931606","628.67121212","interacts with","COPS5 (interacts with) VDAC3","0.614809277797713","0.00724206349206349","0.880952380952381","false","interacts with","COPS5 (interacts with) VDAC3","VDAC3:COPS5"
"9931607","390.0","interacts with","MAGED1 (interacts with) EIF4E2","0.891347803718289","0.196626984126984","-0.523809523809524","false","interacts with","MAGED1 (interacts with) EIF4E2","EIF4E2:MAGED1"
"9931608","676.44542902","interacts with","MAGED1 (interacts with) HPRT1","0.872262272775064","0.170982142857143","0.547619047619048","false","interacts with","MAGED1 (interacts with) HPRT1","HPRT1:MAGED1"
"9931609","390.0","interacts with","MAGED1 (interacts with) RUNDC3A","0.868018022055965","0.151140873015873","0.571428571428572","false","interacts with","MAGED1 (interacts with) RUNDC3A","RUNDC3A:MAGED1"
"9931610","390.0","interacts with","MAGED1 (interacts with) MYOT","0.371077114943798","0.166666666666667","-0.507352941176471","false","interacts with","MAGED1 (interacts with) MYOT","MYOT:MAGED1"
"9931611","726.70079365","interacts with","MAGED1 (interacts with) CLK1","0.863600279675641","0.132291666666667","0.595238095238095","false","interacts with","MAGED1 (interacts with) CLK1","CLK1:MAGED1"
"9931612","1207.36209568","interacts with","MAGED1 (interacts with) STMN2","0.19726726209115","0.048015873015873","0.785714285714285","false","interacts with","MAGED1 (interacts with) STMN2","STMN2:MAGED1"
"9931613","1598.42953329","interacts with","YWHAQ (interacts with) GABRG2","0.051975842430622","3.96825396825397E-4","-0.607142857142857","false","interacts with","YWHAQ (interacts with) GABRG2","GABRG2:YWHAQ"
"9931614","1906.42953329","interacts with","YWHAQ (interacts with) ARL1","0.556236805809344","0.00264617029354669","0.642857142857143","false","interacts with","YWHAQ (interacts with) ARL1","ARL1:YWHAQ"
"9931615","390.0","interacts with","STK39 (interacts with) EPS15","0.109507430764323","0.0123015873015873","0.653846153846154","false","interacts with","STK39 (interacts with) EPS15","EPS15:STK39"
"9931616","390.0","interacts with","PRKCE (interacts with) VDAC3","0.83866110030021","0.0961805555555556","0.857142857142857","false","interacts with","PRKCE (interacts with) VDAC3","VDAC3:PRKCE"
"9931617","4281.65907943","interacts with","PSMC6 (interacts with) SNAP25","0.813252504549783","0.0830853174603175","0.666666666666667","false","interacts with","PSMC6 (interacts with) SNAP25","SNAP25:PSMC6"
"9931618","715.74973621","interacts with","PSMC6 (interacts with) KIF3A","0.813252504549783","0.0830853174603175","0.666666666666667","false","interacts with","PSMC6 (interacts with) KIF3A","KIF3A:PSMC6"
"9931619","390.0","interacts with","PSMC6 (interacts with) AGTPBP1","0.813252504549783","0.0830853174603175","0.666666666666667","false","interacts with","PSMC6 (interacts with) AGTPBP1","AGTPBP1:PSMC6"
"9931620","4372.74476002","interacts with","PSMC6 (interacts with) VPS35","0.109507430764323","0.0123015873015873","0.796703296703297","false","interacts with","PSMC6 (interacts with) VPS35","VPS35:PSMC6"
"9931621","390.0","interacts with","PSMC6 (interacts with) SUMO1","0.764862124895442","0.0367559523809524","0.761904761904762","false","interacts with","PSMC6 (interacts with) SUMO1","SUMO1:PSMC6"
"9931622","2586.97342363","interacts with","PSMC6 (interacts with) DLG2","0.764862124895442","0.0367559523809524","0.761904761904762","false","interacts with","PSMC6 (interacts with) DLG2","DLG2:PSMC6"
"9931623","905.20568222","interacts with","PSMC6 (interacts with) ZC3H15","0.745690873445073","0.0279265873015873","0.705882352941177","false","interacts with","PSMC6 (interacts with) ZC3H15","ZC3H15:PSMC6"
"9931624","1854.10979784","interacts with","PSMC6 (interacts with) ARL1","0.265737005578696","0.0880952380952381","0.714285714285714","false","interacts with","PSMC6 (interacts with) ARL1","ARL1:PSMC6"
"9931625","2391.18974359","interacts with","PSMC6 (interacts with) SYNJ1","0.19726726209115","0.0407694625204203","0.754901960784314","false","interacts with","PSMC6 (interacts with) SYNJ1","SYNJ1:PSMC6"
"9931626","1330.72566007","interacts with","PSMC6 (interacts with) YBX1","0.297098604729228","0.10952380952381","-0.607142857142857","false","interacts with","PSMC6 (interacts with) YBX1","YBX1:PSMC6"
"9931627","861.08664353","interacts with","PSMC6 (interacts with) TRIM8","0.868018022055965","0.151140873015873","-0.678571428571428","false","interacts with","PSMC6 (interacts with) TRIM8","TRIM8:PSMC6"
"9931628","776.0","interacts with","PSMC6 (interacts with) BCL2","0.868018022055965","0.151140873015873","-0.571428571428572","false","interacts with","PSMC6 (interacts with) BCL2","BCL2:PSMC6"
"9931629","493.32213342","interacts with","PSMC6 (interacts with) PDHB","0.109507430764323","0.0123015873015873","0.626373626373626","false","interacts with","PSMC6 (interacts with) PDHB","PDHB:PSMC6"
"9931630","390.0","interacts with","PSMC6 (interacts with) CASP10","0.265737005578696","0.0880952380952381","-0.558823529411765","false","interacts with","PSMC6 (interacts with) CASP10","CASP10:PSMC6"
"9931631","2587.23134512","interacts with","PSMC6 (interacts with) RANBP6","0.109507430764323","0.0123015873015873","0.8","false","interacts with","PSMC6 (interacts with) RANBP6","RANBP6:PSMC6"
"9931632","390.0","interacts with","PSMC6 (interacts with) OXCT1","0.144518824391785","0.0238095238095238","0.857142857142857","false","interacts with","PSMC6 (interacts with) OXCT1","OXCT1:PSMC6"
"9931633","390.0","interacts with","PSMC6 (interacts with) CS","0.713463150372692","0.0217757936507936","0.80952380952381","false","interacts with","PSMC6 (interacts with) CS","CS:PSMC6"
"9931634","1862.58185441","interacts with","PSMC6 (interacts with) PCMT1","0.575659484384287","0.00456349206349206","0.844117647058823","false","interacts with","PSMC6 (interacts with) PCMT1","PCMT1:PSMC6"
"9931635","390.0","interacts with","PSMC6 (interacts with) EPRS","0.526882415098","0.00223214285714286","0.928571428571429","false","interacts with","PSMC6 (interacts with) EPRS","EPRS:PSMC6"
"9931636","1536.0","interacts with","PSMC6 (interacts with) TRIM38","0.337886344327174","0.138888888888889","-0.642857142857143","false","interacts with","PSMC6 (interacts with) TRIM38","TRIM38:PSMC6"
"9931637","4902.01586919","interacts with","PSMC6 (interacts with) EPS15","0.109507430764323","0.0123015873015873","0.892857142857143","false","interacts with","PSMC6 (interacts with) EPS15","EPS15:PSMC6"
"9931638","740.52971521","interacts with","PSMC6 (interacts with) RNF14","0.891347803718289","0.196626984126984","0.523809523809524","false","interacts with","PSMC6 (interacts with) RNF14","RNF14:PSMC6"
"9931639","388.0","interacts with","PSMD2 (interacts with) CFLAR","0.0718586588842205","0.00277777777777778","-0.678571428571428","false","interacts with","PSMD2 (interacts with) CFLAR","CFLAR:PSMD2"
"9931640","388.0","interacts with","PSMD2 (interacts with) AMPH","0.168425923122207","0.0341269841269841","-0.642857142857143","false","interacts with","PSMD2 (interacts with) AMPH","AMPH:PSMD2"
"9931641","1536.0","interacts with","PSMD2 (interacts with) CLK1","0.089107643904515","0.00674603174603175","0.785714285714285","false","interacts with","PSMD2 (interacts with) CLK1","CLK1:PSMD2"
"9931642","390.0","interacts with","PSMD2 (interacts with) RCAN2","0.051975842430622","3.96825396825397E-4","-0.75","false","interacts with","PSMD2 (interacts with) RCAN2","RCAN2:PSMD2"
"9931643","2013.89727155","interacts with","ANKMY2 (interacts with) SKIV2L2","0.800379888420309","0.0620926923823171","0.682646969290558","false","interacts with","ANKMY2 (interacts with) SKIV2L2","SKIV2L2:ANKMY2"
"9931644","390.0","interacts with","ANKMY2 (interacts with) RPS25","0.764862124895442","0.0395556279042975","0.730552019767088","false","interacts with","ANKMY2 (interacts with) RPS25","RPS25:ANKMY2"
"9931645","390.0","interacts with","ANKMY2 (interacts with) COPS2","0.698932738289701","0.0165407228006772","0.802409595481884","false","interacts with","ANKMY2 (interacts with) COPS2","COPS2:ANKMY2"
"9931646","776.0","interacts with","ANKMY2 (interacts with) YWHAB","0.658210521684363","0.00932311573505604","0.838338383339281","false","interacts with","ANKMY2 (interacts with) YWHAB","YWHAB:ANKMY2"
"9931647","1232.22769234","interacts with","ANKMY2 (interacts with) TXNL1","0.614809277797713","0.00747141463995345","0.571428571428571","false","interacts with","ANKMY2 (interacts with) TXNL1","TXNL1:ANKMY2"
"9931648","390.0","interacts with","ANKMY2 (interacts with) COPS7A","0.891347803718289","0.191549313415866","-0.714285714285714","false","interacts with","ANKMY2 (interacts with) COPS7A","COPS7A:ANKMY2"
"9931649","2112.65460379","interacts with","ANKMY2 (interacts with) PAFAH1B1","0.863600279675641","0.126198985536089","0.785714285714286","false","interacts with","ANKMY2 (interacts with) PAFAH1B1","PAFAH1B1:ANKMY2"
"9931650","390.0","interacts with","ANKMY2 (interacts with) WBP11","0.448780165372471","0.235714285714286","-0.535714285714286","false","interacts with","ANKMY2 (interacts with) WBP11","WBP11:ANKMY2"
"9931651","390.0","interacts with","ANKMY2 (interacts with) PTGER3","0.109507430764323","0.0123015873015873","0.504901960784314","false","interacts with","ANKMY2 (interacts with) PTGER3","PTGER3:ANKMY2"
"9931652","390.0","interacts with","YWHAB (interacts with) TBC1D2B","0.83866110030021","0.0961805555555556","0.642857142857143","false","interacts with","YWHAB (interacts with) TBC1D2B","TBC1D2B:YWHAB"
"9931653","390.0","interacts with","CLCN6 (interacts with) VPS35","0.846554537547995","0.114980158730159","0.619047619047619","false","interacts with","CLCN6 (interacts with) VPS35","VPS35:CLCN6"
"9931654","776.0","interacts with","ZFPM2 (interacts with) HERC1","0.265737005578696","0.0880952380952381","0.805882352941176","false","interacts with","ZFPM2 (interacts with) HERC1","HERC1:ZFPM2"
"9931655","390.0","interacts with","ZFPM2 (interacts with) RPS24","0.713463150372692","0.0217757936507936","-0.80952380952381","false","interacts with","ZFPM2 (interacts with) RPS24","RPS24:ZFPM2"
"9931656","390.0","interacts with","PAPSS1 (interacts with) NFATC1","0.813252504549783","0.0830853174603175","0.666666666666667","false","interacts with","PAPSS1 (interacts with) NFATC1","NFATC1:PAPSS1"
"9931657","390.0","interacts with","FKBP3 (interacts with) PCMT1","0.863600279675641","0.132291666666667","0.595238095238095","false","interacts with","FKBP3 (interacts with) PCMT1","PCMT1:FKBP3"
"9931658","776.0","interacts with","ATP6V1B2 (interacts with) MRPL9","0.0718586588842205","0.00277777777777778","0.964285714285714","false","interacts with","ATP6V1B2 (interacts with) MRPL9","MRPL9:ATP6V1B2"
"9931659","390.0","interacts with","ATP6V1B2 (interacts with) GOT2","0.79925367244055","0.0575892857142857","0.714285714285714","false","interacts with","ATP6V1B2 (interacts with) GOT2","GOT2:ATP6V1B2"
"9931660","450.95227843","interacts with","RTCA (interacts with) GABRG2","0.0718586588842205","0.00277777777777778","0.964285714285714","false","interacts with","RTCA (interacts with) GABRG2","GABRG2:RTCA"
"9931661","559.56497684","interacts with","RTCA (interacts with) EFEMP2","0.872262272775064","0.170982142857143","-0.547619047619048","false","interacts with","RTCA (interacts with) EFEMP2","EFEMP2:RTCA"
"9931662","390.0","interacts with","RTCA (interacts with) NPEPPS","0.144518824391785","0.0238095238095238","0.681372549019608","false","interacts with","RTCA (interacts with) NPEPPS","NPEPPS:RTCA"
"9931663","563.61017129","interacts with","BCAS2 (interacts with) ZC3H15","0.168425923122207","0.0341269841269841","0.718137254901961","false","interacts with","BCAS2 (interacts with) ZC3H15","ZC3H15:BCAS2"
"9931664","436.95282712","interacts with","BCAS2 (interacts with) U2AF2","0.0718586588842205","0.00277777777777778","-0.821428571428571","false","interacts with","BCAS2 (interacts with) U2AF2","U2AF2:BCAS2"
"9931665","266.83089349","interacts with","BCAS2 (interacts with) RASA1","0.745690873445073","0.0250762731213586","0.771084337349398","false","interacts with","BCAS2 (interacts with) RASA1","RASA1:BCAS2"
"9931666","574.65263133","interacts with","BCAS2 (interacts with) IKBKB","0.144518824391785","0.0238095238095238","-0.698529411764706","false","interacts with","BCAS2 (interacts with) IKBKB","IKBKB:BCAS2"
"9931667","1319.08834191","interacts with","BCAS2 (interacts with) AKAP12","0.713463150372692","0.0195445372748578","0.790433332862751","false","interacts with","BCAS2 (interacts with) AKAP12","AKAP12:BCAS2"
"9931668","981.56688493","interacts with","BCAS2 (interacts with) SKIV2L2","0.109507430764323","0.0123015873015873","0.708333333333333","false","interacts with","BCAS2 (interacts with) SKIV2L2","SKIV2L2:BCAS2"
"9931669","1379.54034594","interacts with","BCAS2 (interacts with) SNAP25","0.846554537547995","0.116753544057968","0.59881313095663","false","interacts with","BCAS2 (interacts with) SNAP25","SNAP25:BCAS2"
"9931670","987.00250416","interacts with","BCAS2 (interacts with) PCMT1","0.813252504549783","0.0756896878416385","0.658694444052292","false","interacts with","BCAS2 (interacts with) PCMT1","PCMT1:BCAS2"
"9931671","776.0","interacts with","BCAS2 (interacts with) PPP2R2B","0.109507430764323","0.0123015873015873","0.620879120879121","false","interacts with","BCAS2 (interacts with) PPP2R2B","PPP2R2B:BCAS2"
"9931672","390.0","interacts with","CTC1 (interacts with) CLK1","0.83866110030021","0.0961805555555556","-0.642857142857143","false","interacts with","CTC1 (interacts with) CLK1","CLK1:CTC1"
"9931673","5241.47692308","interacts with","CDC123 (interacts with) ATP6V1A","0.868018022055965","0.151140873015873","0.571428571428572","false","interacts with","CDC123 (interacts with) ATP6V1A","ATP6V1A:CDC123"
"9931674","3249.47692308","interacts with","CDC123 (interacts with) MAPRE2","0.863600279675641","0.127246589863721","0.58554004376912","false","interacts with","CDC123 (interacts with) MAPRE2","MAPRE2:CDC123"
"9931675","1910.0","interacts with","CDC123 (interacts with) PSMD1","0.265737005578696","0.0880952380952381","0.75","false","interacts with","CDC123 (interacts with) PSMD1","PSMD1:CDC123"
"9931676","789.67613109","interacts with","RAN (interacts with) PCMT1","0.79925367244055","0.0558847255880069","0.69462323190969","false","interacts with","RAN (interacts with) PCMT1","PCMT1:RAN"
"9931677","2221.33685606","interacts with","RAN (interacts with) VPS35","0.089107643904515","0.00674603174603175","0.656862745098039","false","interacts with","RAN (interacts with) VPS35","VPS35:RAN"
"9931678","390.0","interacts with","RAN (interacts with) STAU1","0.614809277797713","0.00747141463995345","0.850314645958414","false","interacts with","RAN (interacts with) STAU1","STAU1:RAN"
"9931679","2553.92768642","interacts with","RAN (interacts with) PFN2","0.089107643904515","0.00674603174603175","0.840659340659341","false","interacts with","RAN (interacts with) PFN2","PFN2:RAN"
"9931680","390.0","interacts with","EIF4ENIF1 (interacts with) MAPRE2","0.464712984799686","9.16180197308203E-4","-0.927105069301107","false","interacts with","EIF4ENIF1 (interacts with) MAPRE2","MAPRE2:EIF4ENIF1"
"9931681","567.94545455","interacts with","PAFAH1B1 (interacts with) ANK2","0.891347803718289","0.196626984126984","0.523809523809524","false","interacts with","PAFAH1B1 (interacts with) ANK2","ANK2:PAFAH1B1"
"9931682","2319.05174825","interacts with","PAFAH1B1 (interacts with) PFN2","0.79925367244055","0.0575892857142857","0.714285714285714","false","interacts with","PAFAH1B1 (interacts with) PFN2","PFN2:PAFAH1B1"
"9931683","1200.13164351","interacts with","MORF4L1 (interacts with) PCMT1","0.764862124895442","0.0367559523809524","0.761904761904762","false","interacts with","MORF4L1 (interacts with) PCMT1","PCMT1:MORF4L1"
"9931684","862.79831018","interacts with","MORF4L1 (interacts with) EFEMP2","0.745690873445073","0.0279265873015873","-0.639705882352941","false","interacts with","MORF4L1 (interacts with) EFEMP2","EFEMP2:MORF4L1"
"9931685","390.0","interacts with","TMOD1 (interacts with) TRIP10","0.371077114943798","0.166666666666667","-0.607142857142857","false","interacts with","TMOD1 (interacts with) TRIP10","TRIP10:TMOD1"
"9931686","426.37360636","interacts with","FURIN (interacts with) HABP4","0.371077114943798","0.166666666666667","-0.714285714285714","false","interacts with","FURIN (interacts with) HABP4","HABP4:FURIN"
"9931687","390.0","interacts with","FURIN (interacts with) HSP90AB1","0.19726726209115","0.048015873015873","-0.535714285714286","false","interacts with","FURIN (interacts with) HSP90AB1","HSP90AB1:FURIN"
"9931688","390.0","interacts with","FURIN (interacts with) GNAI2","0.168425923122207","0.0341269841269841","0.594117647058824","false","interacts with","FURIN (interacts with) GNAI2","GNAI2:FURIN"
"9931689","1426.57230766","interacts with","FURIN (interacts with) USP14","0.230751883077744","0.0662698412698413","-0.529411764705882","false","interacts with","FURIN (interacts with) USP14","USP14:FURIN"
"9931690","956.0","interacts with","GOT1 (interacts with) VDAC3","0.089107643904515","0.00674603174603175","0.928571428571428","false","interacts with","GOT1 (interacts with) VDAC3","VDAC3:GOT1"
"9931691","580.0","interacts with","GOT1 (interacts with) HINT1","0.698932738289701","0.0140864883998656","0.534313725490196","false","interacts with","GOT1 (interacts with) HINT1","HINT1:GOT1"
"9931692","390.0","interacts with","GLMN (interacts with) TRIM8","0.764862124895442","0.0367559523809524","0.761904761904762","false","interacts with","GLMN (interacts with) TRIM8","TRIM8:GLMN"
"9931693","932.75628734","interacts with","DNM1L (interacts with) NELL1","0.846554537547995","0.107721236692871","0.610789393575762","false","interacts with","DNM1L (interacts with) NELL1","NELL1:DNM1L"
"9931694","1270.08962067","interacts with","DNM1L (interacts with) UBE2V2","0.836879784475756","0.0911626639202738","0.634335047416547","false","interacts with","DNM1L (interacts with) UBE2V2","UBE2V2:DNM1L"
"9931695","390.0","interacts with","CCDC6 (interacts with) DLG2","0.745690873445073","0.0279265873015873","0.785714285714286","false","interacts with","CCDC6 (interacts with) DLG2","DLG2:CCDC6"
"9931696","390.0","interacts with","MDH2 (interacts with) IKBKB","0.658210521684363","0.00932311573505604","0.838338383339281","false","interacts with","MDH2 (interacts with) IKBKB","IKBKB:MDH2"
"9931697","2.0","interacts with","AMPH (interacts with) CFLAR","0.891347803718289","0.196626984126984","-0.523809523809524","false","interacts with","AMPH (interacts with) CFLAR","CFLAR:AMPH"
"9931698","1475.20834503","interacts with","PJA2 (interacts with) USP14","0.089107643904515","0.00674603174603175","0.928571428571428","false","interacts with","PJA2 (interacts with) USP14","USP14:PJA2"
"9931699","683.16245308","interacts with","PJA2 (interacts with) ARL1","0.872262272775064","0.166987624732154","0.892857142857143","false","interacts with","PJA2 (interacts with) ARL1","ARL1:PJA2"
"9931700","1137.65633049","interacts with","PJA2 (interacts with) VPS35","0.051975842430622","3.96825396825397E-4","0.963235294117647","false","interacts with","PJA2 (interacts with) VPS35","VPS35:PJA2"
"9931701","329.71492636","interacts with","PJA2 (interacts with) TRIM8","0.0718586588842205","0.00277777777777778","-0.964285714285714","false","interacts with","PJA2 (interacts with) TRIM8","TRIM8:PJA2"
"9931702","408.53101028","interacts with","PJA2 (interacts with) YBX1","0.19726726209115","0.048015873015873","-0.576923076923077","false","interacts with","PJA2 (interacts with) YBX1","YBX1:PJA2"
"9931703","654.84792985","interacts with","ARMC1 (interacts with) CDC42","0.863600279675641","0.132291666666667","0.595238095238095","false","interacts with","ARMC1 (interacts with) CDC42","CDC42:ARMC1"
"9931704","776.0","interacts with","ARMC1 (interacts with) NFATC1","0.846554537547995","0.114980158730159","0.619047619047619","false","interacts with","ARMC1 (interacts with) NFATC1","NFATC1:ARMC1"
"9931705","1759.53620628","interacts with","ARMC1 (interacts with) ATP6V1A","0.83866110030021","0.0961805555555556","0.642857142857143","false","interacts with","ARMC1 (interacts with) ATP6V1A","ATP6V1A:ARMC1"
"9931706","312.58702625","interacts with","ARMC1 (interacts with) RASA1","0.109507430764323","0.0123015873015873","0.79656862745098","false","interacts with","ARMC1 (interacts with) RASA1","RASA1:ARMC1"
"9931707","390.0","interacts with","ARMC1 (interacts with) TMEM30A","0.813252504549783","0.0830853174603175","0.666666666666667","false","interacts with","ARMC1 (interacts with) TMEM30A","TMEM30A:ARMC1"
"9931708","821.22067821","interacts with","ARMC1 (interacts with) PCMT1","0.813252504549783","0.0830853174603175","0.587912087912088","false","interacts with","ARMC1 (interacts with) PCMT1","PCMT1:ARMC1"
"9931709","2433.31645306","interacts with","ARMC1 (interacts with) PAFAH1B1","0.779493665351556","0.0458333333333333","0.738095238095238","false","interacts with","ARMC1 (interacts with) PAFAH1B1","PAFAH1B1:ARMC1"
"9931710","460.86780919","interacts with","ARMC1 (interacts with) ZC3H15","0.745690873445073","0.0279265873015873","0.785714285714286","false","interacts with","ARMC1 (interacts with) ZC3H15","ZC3H15:ARMC1"
"9931711","528.46509263","interacts with","ARMC1 (interacts with) U2AF2","0.745690873445073","0.0265200143040766","-0.766480807624486","false","interacts with","ARMC1 (interacts with) U2AF2","U2AF2:ARMC1"
"9931712","1338.90251457","interacts with","ARMC1 (interacts with) VPS35","0.614809277797713","0.00724206349206349","0.880952380952381","false","interacts with","ARMC1 (interacts with) VPS35","VPS35:ARMC1"
"9931713","390.0","interacts with","ARMC1 (interacts with) CUL1","0.230751883077744","0.0662698412698413","0.75","false","interacts with","ARMC1 (interacts with) CUL1","CUL1:ARMC1"
"9931714","390.0","interacts with","ARMC1 (interacts with) PSMD6","0.575659484384287","0.00456349206349206","0.904761904761905","false","interacts with","ARMC1 (interacts with) PSMD6","PSMD6:ARMC1"
"9931715","401.28090602","interacts with","ARMC1 (interacts with) PDHB","0.089107643904515","0.00674603174603175","0.928571428571428","false","interacts with","ARMC1 (interacts with) PDHB","PDHB:ARMC1"
"9931716","390.0","interacts with","ADAM15 (interacts with) U2AF2","0.109507430764323","0.0123015873015873","0.892857142857143","false","interacts with","ADAM15 (interacts with) U2AF2","U2AF2:ADAM15"
"9931717","390.0","interacts with","TRIM5 (interacts with) RAB27A","0.891347803718289","0.186472460522553","-0.821428571428571","false","interacts with","TRIM5 (interacts with) RAB27A","RAB27A:TRIM5"
"9931718","776.0","interacts with","SERPINI1 (interacts with) SYNJ1","0.051975842430622","1.45612529161307E-5","0.642857142857143","false","interacts with","SERPINI1 (interacts with) SYNJ1","SYNJ1:SERPINI1"
"9931719","390.0","interacts with","SERPINI1 (interacts with) WNK1","0.745690873445073","0.0279265873015873","0.785714285714286","false","interacts with","SERPINI1 (interacts with) WNK1","WNK1:SERPINI1"
"9931720","239.91364143","interacts with","NDFIP1 (interacts with) RNF14","0.872262272775064","0.170982142857143","0.547619047619048","false","interacts with","NDFIP1 (interacts with) RNF14","RNF14:NDFIP1"
"9931721","888.95375287","interacts with","NDFIP1 (interacts with) VPS35","0.868018022055965","0.151140873015873","0.686813186813187","false","interacts with","NDFIP1 (interacts with) VPS35","VPS35:NDFIP1"
"9931722","473.40714348","interacts with","NDFIP1 (interacts with) IKBKB","0.813252504549783","0.0830853174603175","0.666666666666667","false","interacts with","NDFIP1 (interacts with) IKBKB","IKBKB:NDFIP1"
"9931723","390.0","interacts with","NDFIP1 (interacts with) TOR1AIP2","0.089107643904515","0.00674603174603175","0.652941176470588","false","interacts with","NDFIP1 (interacts with) TOR1AIP2","TOR1AIP2:NDFIP1"
"9931724","440.07595854","interacts with","NDFIP1 (interacts with) ARL1","0.713463150372692","0.0176297512697179","0.678571428571428","false","interacts with","NDFIP1 (interacts with) ARL1","ARL1:NDFIP1"
"9931725","390.0","interacts with","PRDX6 (interacts with) GATM","0.109507430764323","0.0123015873015873","0.75","false","interacts with","PRDX6 (interacts with) GATM","GATM:PRDX6"
"9931726","390.0","interacts with","MCM4 (interacts with) CYFIP2","0.19726726209115","0.048015873015873","0.659340659340659","false","interacts with","MCM4 (interacts with) CYFIP2","CYFIP2:MCM4"
"9931727","630.19438257","interacts with","SH3GL2 (interacts with) NELL1","0.813252504549783","0.0756896878416385","0.658694444052292","false","interacts with","SH3GL2 (interacts with) NELL1","NELL1:SH3GL2"
"9931728","572.98669027","interacts with","SH3GL2 (interacts with) CYFIP2","0.144518824391785","0.0238095238095238","0.686274509803922","false","interacts with","SH3GL2 (interacts with) CYFIP2","CYFIP2:SH3GL2"
"9931729","1017.89729597","interacts with","WASF1 (interacts with) VPS35","0.089107643904515","0.00674603174603175","0.648351648351648","false","interacts with","WASF1 (interacts with) VPS35","VPS35:WASF1"
"9931730","676.07507374","interacts with","WASF1 (interacts with) USP14","0.109507430764323","0.0123015873015873","0.892857142857143","false","interacts with","WASF1 (interacts with) USP14","USP14:WASF1"
"9931731","776.0","interacts with","DYNLT3 (interacts with) HPRT1","0.0718586588842205","0.00277777777777778","0.821428571428571","false","interacts with","DYNLT3 (interacts with) HPRT1","HPRT1:DYNLT3"
"9931732","4213.86153846","interacts with","ATP6V1A (interacts with) VPS35","0.051975842430622","3.96825396825397E-4","1.0","false","interacts with","ATP6V1A (interacts with) VPS35","VPS35:ATP6V1A"
"9931733","2280.0","interacts with","GORASP2 (interacts with) MYH10","0.846554537547995","0.105004637895152","0.614502433207647","false","interacts with","GORASP2 (interacts with) MYH10","MYH10:GORASP2"
"9931734","390.0","interacts with","GORASP2 (interacts with) NLK","0.698932738289701","0.0153769841269841","0.833333333333333","false","interacts with","GORASP2 (interacts with) NLK","NLK:GORASP2"
"9931735","390.0","interacts with","GORASP2 (interacts with) MMP14","0.575659484384287","0.00398055887902264","-0.879581914199181","false","interacts with","GORASP2 (interacts with) MMP14","MMP14:GORASP2"
"9931736","1158.0","interacts with","GORASP2 (interacts with) GATM","0.863600279675641","0.126198985536089","-0.71978021978022","false","interacts with","GORASP2 (interacts with) GATM","GATM:GORASP2"
"9931737","2100.53820542","interacts with","NECAP1 (interacts with) GABRG2","0.872262272775064","0.170982142857143","-0.964285714285714","false","interacts with","NECAP1 (interacts with) GABRG2","GABRG2:NECAP1"
"9931738","1158.0","interacts with","NECAP1 (interacts with) MRPL9","0.779493665351556","0.0458333333333333","0.591176470588235","false","interacts with","NECAP1 (interacts with) MRPL9","MRPL9:NECAP1"
"9931739","898.93820542","interacts with","NECAP1 (interacts with) CYFIP2","0.745690873445073","0.0279265873015873","0.785714285714285","false","interacts with","NECAP1 (interacts with) CYFIP2","CYFIP2:NECAP1"
"9931740","1166.52307692","interacts with","RSL1D1 (interacts with) RPL11","0.868018022055965","0.151140873015873","0.642857142857143","false","interacts with","RSL1D1 (interacts with) RPL11","RPL11:RSL1D1"
"9931741","844.52307692","interacts with","RSL1D1 (interacts with) BASP1","0.168425923122207","0.0341269841269841","0.642857142857143","false","interacts with","RSL1D1 (interacts with) BASP1","BASP1:RSL1D1"
"9931742","1158.0","interacts with","TAX1BP1 (interacts with) RPS4X","0.230751883077744","0.0662698412698413","-0.612745098039216","false","interacts with","TAX1BP1 (interacts with) RPS4X","RPS4X:TAX1BP1"
"9931743","1247.90806327","interacts with","TAX1BP1 (interacts with) VPS35","0.846554537547995","0.114980158730159","0.619047619047619","false","interacts with","TAX1BP1 (interacts with) VPS35","VPS35:TAX1BP1"
"9931744","588.97472994","interacts with","TAX1BP1 (interacts with) ARL1","0.337886344327174","0.138888888888889","0.776470588235294","false","interacts with","TAX1BP1 (interacts with) ARL1","ARL1:TAX1BP1"
"9931745","771.47692308","interacts with","TSPYL5 (interacts with) MAPRE2","0.168425923122207","0.0341269841269841","0.554945054945055","false","interacts with","TSPYL5 (interacts with) MAPRE2","MAPRE2:TSPYL5"
"9931746","336.52307692","interacts with","TSPYL5 (interacts with) BASP1","0.809065930594575","0.0693948412698413","0.690476190476191","false","interacts with","TSPYL5 (interacts with) BASP1","BASP1:TSPYL5"
"9931747","390.0","interacts with","TSPYL5 (interacts with) ERBB4","0.713463150372692","0.0195445372748578","0.790433332862751","false","interacts with","TSPYL5 (interacts with) ERBB4","ERBB4:TSPYL5"
"9931748","390.0","interacts with","TOMM20 (interacts with) VPS35","0.83866110030021","0.0961805555555556","0.642857142857143","false","interacts with","TOMM20 (interacts with) VPS35","VPS35:TOMM20"
"9931749","390.0","interacts with","ARL6IP5 (interacts with) VPS35","0.872262272775064","0.170982142857143","0.547619047619048","false","interacts with","ARL6IP5 (interacts with) VPS35","VPS35:ARL6IP5"
"9931750","776.0","interacts with","SPI1 (interacts with) RAB27A","0.813252504549783","0.0830853174603175","-0.666666666666667","false","interacts with","SPI1 (interacts with) RAB27A","RAB27A:SPI1"
"9931751","1158.0","interacts with","SPI1 (interacts with) MYH9","0.764862124895442","0.0389982739878224","0.7319250547114","false","interacts with","SPI1 (interacts with) MYH9","MYH9:SPI1"
"9931752","390.0","interacts with","NELFCD (interacts with) TIA1","0.448780165372471","0.235714285714286","-0.611764705882353","false","interacts with","NELFCD (interacts with) TIA1","TIA1:NELFCD"
"9931753","390.0","interacts with","LRIF1 (interacts with) TRIP10","0.265737005578696","0.0880952380952381","0.642857142857143","false","interacts with","LRIF1 (interacts with) TRIP10","TRIP10:LRIF1"
"9931754","390.0","interacts with","CHUK (interacts with) RBM5","0.891347803718289","0.179628967156927","-0.526955555241834","false","interacts with","CHUK (interacts with) RBM5","RBM5:CHUK"
"9931755","1536.0","interacts with","CHUK (interacts with) TIA1","0.337886344327174","0.138888888888889","0.723529411764706","false","interacts with","CHUK (interacts with) TIA1","TIA1:CHUK"
"9931756","390.0","interacts with","CHUK (interacts with) UBR5","0.337886344327174","0.138888888888889","0.642857142857143","false","interacts with","CHUK (interacts with) UBR5","UBR5:CHUK"
"9931757","390.0","interacts with","CHUK (interacts with) EMD","0.409830052785837","0.2","-0.679411764705882","false","interacts with","CHUK (interacts with) EMD","EMD:CHUK"
"9931758","390.0","interacts with","BRMS1 (interacts with) DAAM2","0.448780165372471","0.235714285714286","-0.535714285714286","false","interacts with","BRMS1 (interacts with) DAAM2","DAAM2:BRMS1"
"9931759","519.50388282","interacts with","TMED2 (interacts with) TXNL1","0.809065930594575","0.0693948412698413","0.690476190476191","false","interacts with","TMED2 (interacts with) TXNL1","TXNL1:TMED2"
"9931760","286.43551112","interacts with","TMED2 (interacts with) HABP4","0.782649554260342","0.0500633946704214","0.706599494528823","false","interacts with","TMED2 (interacts with) HABP4","HABP4:TMED2"
"9931761","390.0","interacts with","GNG3 (interacts with) NDEL1","0.846554537547995","0.107721236692871","0.610789393575762","false","interacts with","GNG3 (interacts with) NDEL1","NDEL1:GNG3"
"9931762","390.0","interacts with","SPOCK1 (interacts with) HERC1","0.0718586588842205","0.00277777777777778","0.708823529411765","false","interacts with","SPOCK1 (interacts with) HERC1","HERC1:SPOCK1"
"9931763","390.0","interacts with","SARAF (interacts with) EPM2AIP1","0.868018022055965","0.151140873015873","0.571428571428572","false","interacts with","SARAF (interacts with) EPM2AIP1","EPM2AIP1:SARAF"
"9931764","390.0","interacts with","SARAF (interacts with) CSDE1","0.846554537547995","0.107721236692871","-0.610789393575762","false","interacts with","SARAF (interacts with) CSDE1","CSDE1:SARAF"
"9931765","1358.48099003","interacts with","SARAF (interacts with) SKIV2L2","0.813252504549783","0.0830853174603175","0.666666666666667","false","interacts with","SARAF (interacts with) SKIV2L2","SKIV2L2:SARAF"
"9931766","702.79859474","interacts with","SARAF (interacts with) PCMT1","0.051975842430622","3.96825396825397E-4","0.892857142857143","false","interacts with","SARAF (interacts with) PCMT1","PCMT1:SARAF"
"9931767","390.0","interacts with","SARAF (interacts with) CLTC","0.19726726209115","0.048015873015873","-0.547058823529412","false","interacts with","SARAF (interacts with) CLTC","CLTC:SARAF"
"9931768","425.8432649","interacts with","SARAF (interacts with) KIF3A","0.144518824391785","0.0238095238095238","0.604395604395604","false","interacts with","SARAF (interacts with) KIF3A","KIF3A:SARAF"
"9931769","981.99632023","interacts with","SARAF (interacts with) VPS35","0.0718586588842205","0.00277777777777778","0.964285714285714","false","interacts with","SARAF (interacts with) VPS35","VPS35:SARAF"
"9931770","900.39701214","interacts with","SARAF (interacts with) ATP6V1A","0.0718586588842205","0.00277777777777778","0.678571428571428","false","interacts with","SARAF (interacts with) ATP6V1A","ATP6V1A:SARAF"
"9931771","362.24103041","interacts with","SARAF (interacts with) ZC3H15","0.144518824391785","0.0238095238095238","0.857142857142857","false","interacts with","SARAF (interacts with) ZC3H15","ZC3H15:SARAF"
"9931772","739.43410136","interacts with","OAT (interacts with) AKAP12","0.109507430764323","0.0123015873015873","0.674019607843137","false","interacts with","OAT (interacts with) AKAP12","AKAP12:OAT"
"9931773","805.14595158","interacts with","OAT (interacts with) UBE2V2","0.658210521684363","0.0108579547287212","0.642857142857143","false","interacts with","OAT (interacts with) UBE2V2","UBE2V2:OAT"
"9931774","390.0","interacts with","OAT (interacts with) PPP3CA","0.109507430764323","0.0123015873015873","0.708333333333333","false","interacts with","OAT (interacts with) PPP3CA","PPP3CA:OAT"
"9931775","1626.04203786","interacts with","OAT (interacts with) PFN2","0.809065930594575","0.0693948412698413","0.690476190476191","false","interacts with","OAT (interacts with) PFN2","PFN2:OAT"
"9931776","1551.13711067","interacts with","OAT (interacts with) HPRT1","0.79925367244055","0.0575892857142857","0.714285714285714","false","interacts with","OAT (interacts with) HPRT1","HPRT1:OAT"
"9931777","390.0","interacts with","COPS4 (interacts with) HINT1","0.800379888420309","0.0620926923823171","0.54656862745098","false","interacts with","COPS4 (interacts with) HINT1","HINT1:COPS4"
"9931778","466.93730159","interacts with","PLD2 (interacts with) MYH10","0.713463150372692","0.0196105093119491","-0.790183677319672","false","interacts with","PLD2 (interacts with) MYH10","MYH10:PLD2"
"9931779","293.72936508","interacts with","PLD2 (interacts with) ADAMTSL4","0.089107643904515","0.00674603174603175","0.629411764705882","false","interacts with","PLD2 (interacts with) ADAMTSL4","ADAMTSL4:PLD2"
"9931780","390.0","interacts with","AHCY (interacts with) GATM","0.811703226601746","0.0698311955651656","-0.607142857142857","false","interacts with","AHCY (interacts with) GATM","GATM:AHCY"
"9931781","390.0","interacts with","ALAS1 (interacts with) DYNLT3","0.891347803718289","0.191549313415866","0.514979292622701","false","interacts with","ALAS1 (interacts with) DYNLT3","DYNLT3:ALAS1"
"9931782","2058.01586919","interacts with","ADSS (interacts with) EPS15","0.614809277797713","0.00675970481475433","0.855421686746988","false","interacts with","ADSS (interacts with) EPS15","EPS15:ADSS"
"9931783","390.0","interacts with","ADSS (interacts with) RPS18","0.745690873445073","0.0305127590333091","-0.713235294117647","false","interacts with","ADSS (interacts with) RPS18","RPS18:ADSS"
"9931784","390.0","interacts with","ADSS (interacts with) KIAA0368","0.230751883077744","0.0662698412698413","0.554945054945055","false","interacts with","ADSS (interacts with) KIAA0368","KIAA0368:ADSS"
"9931785","1114.51110729","interacts with","ADSS (interacts with) GABRG2","0.658210521684363","0.00932311573505604","0.838338383339281","false","interacts with","ADSS (interacts with) GABRG2","GABRG2:ADSS"
"9931786","1433.192911","interacts with","DDX1 (interacts with) UBE2V2","0.891347803718289","0.194223421359995","0.51234753829798","false","interacts with","DDX1 (interacts with) UBE2V2","UBE2V2:DDX1"
"9931787","2916.93730159","interacts with","DDX1 (interacts with) MYH10","0.863600279675641","0.123342169123619","0.590404298572053","false","interacts with","DDX1 (interacts with) MYH10","MYH10:DDX1"
"9931788","644.89413484","interacts with","DDX1 (interacts with) AKAP12","0.265737005578696","0.0880952380952381","0.805882352941176","false","interacts with","DDX1 (interacts with) AKAP12","AKAP12:DDX1"
"9931789","390.0","interacts with","DDX1 (interacts with) TUBA1B","0.144518824391785","0.0238095238095238","0.648351648351648","false","interacts with","DDX1 (interacts with) TUBA1B","TUBA1B:DDX1"
"9931790","2405.45198004","interacts with","DDX1 (interacts with) RANBP6","0.713463150372692","0.0217757936507936","0.80952380952381","false","interacts with","DDX1 (interacts with) RANBP6","RANBP6:DDX1"
"9931791","1825.89039053","interacts with","DDX1 (interacts with) PFN2","0.658210521684363","0.0107142857142857","-0.642857142857143","false","interacts with","DDX1 (interacts with) PFN2","PFN2:DDX1"
"9931792","390.0","interacts with","VDAC2 (interacts with) VDAC3","0.809065930594575","0.0693948412698413","0.690476190476191","false","interacts with","VDAC2 (interacts with) VDAC3","VDAC3:VDAC2"
"9931793","390.0","interacts with","KIF3A (interacts with) NOTCH3","0.409830052785837","0.2","-0.730769230769231","false","interacts with","KIF3A (interacts with) NOTCH3","NOTCH3:KIF3A"
"9931794","390.0","interacts with","EPHX1 (interacts with) USP14","0.898526804928489","0.200534473810152","0.506211418282915","false","interacts with","EPHX1 (interacts with) USP14","USP14:EPHX1"
"9931795","2280.0","interacts with","TBK1 (interacts with) TIA1","0.813252504549783","0.0756896878416385","0.658694444052292","false","interacts with","TBK1 (interacts with) TIA1","TIA1:TBK1"
"9931796","2646.0","interacts with","TBK1 (interacts with) EPS15","0.575659484384287","0.00451238560365101","0.874267171196679","false","interacts with","TBK1 (interacts with) EPS15","EPS15:TBK1"
"9931797","1158.0","interacts with","SNAP91 (interacts with) GULP1","0.109507430764323","0.0123015873015873","0.571428571428571","false","interacts with","SNAP91 (interacts with) GULP1","GULP1:SNAP91"
"9931798","4790.61902209","interacts with","SNAP91 (interacts with) SNAP25","0.0718586588842205","0.00277777777777778","0.964285714285714","false","interacts with","SNAP91 (interacts with) SNAP25","SNAP25:SNAP91"
"9931799","2752.40454545","interacts with","SNAP91 (interacts with) VDAC3","0.203683342941552","6.54855883112059E-5","0.736263736263736","false","interacts with","SNAP91 (interacts with) VDAC3","VDAC3:SNAP91"
"9931800","1484.92400044","interacts with","SNAP91 (interacts with) STMN2","0.846554537547995","0.116753544057968","0.59881313095663","false","interacts with","SNAP91 (interacts with) STMN2","STMN2:SNAP91"
"9931801","390.0","interacts with","ENO2 (interacts with) BASP1","0.863600279675641","0.132291666666667","0.595238095238095","false","interacts with","ENO2 (interacts with) BASP1","BASP1:ENO2"
"9931802","1536.0","interacts with","SYNJ1 (interacts with) HERC1","0.868018022055965","0.149871282949795","-0.558865888278289","false","interacts with","SYNJ1 (interacts with) HERC1","HERC1:SYNJ1"
"9931803","1508.52307692","interacts with","SYNJ1 (interacts with) RPL11","0.836879784475756","0.0911626639202736","-0.538461538461538","false","interacts with","SYNJ1 (interacts with) RPL11","RPL11:SYNJ1"
"9931804","1595.33333333","interacts with","SYNJ1 (interacts with) VPS35","0.0718586588842205","0.00185103019644192","0.714285714285714","false","interacts with","SYNJ1 (interacts with) VPS35","VPS35:SYNJ1"
"9931805","533.47739188","interacts with","RNF11 (interacts with) SKIV2L2","0.872262272775064","0.170982142857143","0.547619047619048","false","interacts with","RNF11 (interacts with) SKIV2L2","SKIV2L2:RNF11"
"9931806","611.8","interacts with","RNF11 (interacts with) BCAS2","0.872262272775064","0.157018421997891","0.550908080480099","false","interacts with","RNF11 (interacts with) BCAS2","BCAS2:RNF11"
"9931807","880.92024903","interacts with","RNF11 (interacts with) DLG2","0.868018022055965","0.151140873015873","0.571428571428572","false","interacts with","RNF11 (interacts with) DLG2","DLG2:RNF11"
"9931808","390.0","interacts with","RNF11 (interacts with) UBE2D2","0.846554537547995","0.114980158730159","0.619047619047619","false","interacts with","RNF11 (interacts with) UBE2D2","UBE2D2:RNF11"
"9931809","390.0","interacts with","RNF11 (interacts with) RING1","0.813252504549783","0.0756896878416385","0.658694444052292","false","interacts with","RNF11 (interacts with) RING1","RING1:RNF11"
"9931810","390.0","interacts with","AAAS (interacts with) PCMT1","0.868018022055965","0.14633153260555","-0.562884343099232","false","interacts with","AAAS (interacts with) PCMT1","PCMT1:AAAS"
"9931811","1536.0","interacts with","GGH (interacts with) MYH9","0.144518824391785","0.0238095238095238","-0.623529411764706","false","interacts with","GGH (interacts with) MYH9","MYH9:GGH"
"9931812","1910.0","interacts with","GGH (interacts with) MAPRE2","0.109507430764323","0.0123015873015873","0.811764705882353","false","interacts with","GGH (interacts with) MAPRE2","MAPRE2:GGH"
"9931813","390.0","interacts with","SOGA1 (interacts with) GULP1","0.872262272775064","0.168118035279515","-0.538931817860967","false","interacts with","SOGA1 (interacts with) GULP1","GULP1:SOGA1"
"9931814","390.0","interacts with","PRPS1 (interacts with) FLNA","0.265737005578696","0.0880952380952381","-0.656862745098039","false","interacts with","PRPS1 (interacts with) FLNA","FLNA:PRPS1"
